actual,predicted
-0.3810401463307469,-0.48372316360473633
-0.3685534012377853,-0.43773895502090454
-0.36861739397790083,-0.488609254360199
-0.37175711752185786,-0.5291128754615784
-0.41432222111049155,-0.6158221960067749
-0.1985042147772728,-0.493783175945282
-0.18432893016780683,-0.47012072801589966
-0.18256494086996933,-0.5059888958930969
-0.17211724092674965,-0.4810783863067627
-0.16707193867702755,-0.6050846576690674
-0.1684927840099371,-0.48370951414108276
-0.2116208701538229,-0.5193116664886475
-0.21200497174151384,-0.5159307718276978
-0.3939443243081025,-0.5168324708938599
-0.4103341133699796,-0.3953201174736023
-0.37786446725514494,-0.5528939366340637
-0.38166289972916906,-0.5068953633308411
-0.37060973629481003,-0.678637683391571
-0.37240540602031486,-0.6190887093544006
-0.35586102798033015,-0.656731128692627
-0.33850064698674687,-0.5049484968185425
-0.34470340370251834,-0.6609752178192139
-0.33650455099748805,-0.6449026465415955
-0.33412065831626864,-0.6913217902183533
-0.35125148414294827,-0.6548445820808411
-0.7863299172954159,-0.9989093542098999
-0.8268979658789185,-0.7961100935935974
-0.7541202843951453,-0.9496628642082214
-0.7738436557799062,-0.8720641732215881
-0.7623444904655529,-0.7457968592643738
-0.7480826028511804,-0.7248110175132751
-0.7636625922807349,-0.7610409259796143
-0.7702112020743587,-0.7829872965812683
-0.792719082044976,-0.8956628441810608
-0.7560350494016752,-1.0154969692230225
-0.8282477819631516,-0.8472433686256409
-0.8361071850120428,-1.028236746788025
-0.8506939777325906,-1.0011721849441528
-0.9664109735761266,-0.901702880859375
-0.9957742956305397,-0.884524405002594
-1.0249171876705092,-1.2542533874511719
-1.0459175312025348,-1.1551761627197266
-1.0691377046187862,-1.180903434753418
-1.0514296093994049,-1.0262356996536255
-1.0683778095341159,-1.227881908416748
-1.0849529166928196,-1.373839259147644
-1.0697340427321091,-1.184469223022461
-1.192455725180789,-1.2045011520385742
-1.1940223054681547,-0.9662959575653076
-1.1627670724794796,-1.229033350944519
-0.99776807788313,-1.0680876970291138
-0.9743462001338112,-1.178315281867981
-0.9747621801026911,-1.0974242687225342
-1.0238185751377302,-1.8580995798110962
-1.199536369541857,-1.2044391632080078
-1.2065156126333516,-1.3473646640777588
-1.192709160545993,-1.001220703125
-1.0935276547220825,-1.1205374002456665
-1.042414223859075,-1.2842485904693604
-0.9191589071400474,-1.287310004234314
-0.9017856549392017,-1.1496833562850952
-0.9017856549392017,-1.3097343444824219
-0.8789556272177875,-1.0904273986816406
-0.8836091707825939,-1.0366088151931763
-0.8888064173562208,-1.126367211341858
-0.8921684946635607,-1.871090054512024
-0.9185682749918443,-1.273298978805542
-0.9217166117003736,-1.2010372877120972
-0.9221474691401881,-0.9463924765586853
-0.8174433179815408,-1.1429868936538696
-0.9079719704964537,-1.2884531021118164
-0.8807568809172442,-1.2283259630203247
-0.8682365649016461,-1.2060980796813965
-0.8612470525566904,-0.9990691542625427
-0.868713199856366,-0.9761637449264526
-0.869276385782614,-1.1637470722198486
-0.9022237623569098,-1.0897276401519775
-0.9725377876171635,-1.1933687925338745
-1.0441236114255044,-1.2047001123428345
-1.0578004796754719,-1.0006738901138306
-1.0700501804258749,-1.0330681800842285
-0.9163739661192759,-1.0439832210540771
-0.9480688998411011,-1.104658603668213
-0.8685635624748475,-1.1010148525238037
-0.86903763291553,-1.0692720413208008
-0.8419447451046947,-0.6948508024215698
-0.8407878672590232,-0.7588812708854675
-0.8435221381890964,-0.8184919953346252
-0.8331197697472359,-0.6155614852905273
-0.9467108665900955,-0.6604197025299072
-0.9551195001421642,-0.7550000548362732
-1.0014079185937106,-0.5046054124832153
-0.9917753435016474,-0.7957537770271301
-0.9983206257828774,-0.745265007019043
-0.994634231752545,-0.7758228778839111
-0.9488326964636935,-0.5825551152229309
-0.8187302032631232,-0.5789132118225098
-0.8599500570892701,-0.7864557504653931
-0.8901339422872209,-0.8515702486038208
-0.8657396118908021,-0.5178593397140503
-0.8463570742614523,-0.5583347082138062
-0.8689291383123772,-0.5480659008026123
-0.852291133108535,-0.6277220249176025
-0.9750967936104197,-0.5847944021224976
-0.9622931914095901,-0.6701380014419556
-0.9637768922051105,-0.5466228723526001
-0.9495062943211099,-0.6183024644851685
-0.9678846761814585,-0.6305894255638123
-0.9711310688937252,-0.5818623304367065
-0.9585059943701912,-0.42948484420776367
-0.9505617879133184,-0.540535032749176
-0.9200803005144836,-0.5403778553009033
-0.9190823449665385,-0.4036577343940735
-0.8627231688839544,-0.4194156527519226
-0.8620638610804583,-0.37905460596084595
-0.9174329372915392,-0.42807286977767944
-1.0726055197000874,-0.548080325126648
-1.0774315077797298,-0.4505710005760193
-1.0786268360119362,-0.35971421003341675
-1.1534066940609435,-0.41172099113464355
-1.1660265620978683,-0.510919988155365
-1.0891653534128176,-0.4673343300819397
-1.097048351027226,-0.48817265033721924
-1.0695342287176206,-0.3971049189567566
-0.9736863848270333,-0.44151538610458374
-1.0048013063707288,-0.48658180236816406
-1.0061263381955103,-0.4604988694190979
-0.9665815437581045,-0.5152707099914551
-0.9528459933270839,-0.5135611295700073
-0.9589337780336501,-0.5855767726898193
-0.961515076904606,-0.7249990105628967
-0.9865942456049228,-0.6138503551483154
-0.9334001596571921,-0.5625650882720947
-0.967758282525232,-0.5437910556793213
-0.9623302818414156,-0.678248405456543
-0.9311655274208971,-0.8582878112792969
-0.9120906500957701,-0.6229339241981506
-0.9031808904617759,-0.6160150766372681
-0.8580097308208603,-0.6537122130393982
-0.727947935347957,-0.7708696126937866
-0.7434762273969167,-0.6605008244514465
-0.8135498951494339,-0.6323883533477783
-0.8218960690484738,-0.5255876183509827
-0.8362206138012631,-0.6074174046516418
-0.6724105675135755,-0.5313674211502075
-0.6179187812303634,-0.683272123336792
-0.6133679293446687,-0.5319727063179016
-0.6219817753029468,-0.49229246377944946
-0.6258238666731962,-0.5555180907249451
-0.6315171548987939,-0.5847973227500916
-0.6320731192757901,-0.46183955669403076
-0.6320680867931853,-0.5880142450332642
-0.6684614811088553,-0.5223628878593445
-0.6981472603545836,-0.4578705430030823
-0.6907352745924016,-0.5233127474784851
-0.691225496552717,-0.7549504041671753
-0.7037515174724737,-0.7999550700187683
-0.7082119928579681,-0.5258364081382751
-0.7238709110776836,-0.5962499380111694
-0.8838414636609633,-0.5741955041885376
-0.8902868928324288,-0.5322239398956299
-0.9039530873146029,-0.5454514026641846
-0.8978863654003334,-0.5322390198707581
-0.8843574332618679,-0.546900749206543
-1.3618341291004459,-0.5095853209495544
-1.617438467727521,-0.6387894749641418
-1.5606906181987215,-0.5035572648048401
-1.5361890011963513,-0.552089273929596
-1.5374499927956662,-0.5180385112762451
-1.4592618693208115,-0.5750494003295898
-1.436275441643024,-0.5636600255966187
-1.2285500232621842,-0.6208651065826416
-1.2421699634186283,-0.6156899929046631
-1.1953095046653417,-0.6006665825843811
-1.201055113207154,-0.5825189352035522
-1.1117757975265747,-0.582180917263031
-1.0993074078666094,-0.644582986831665
-1.0815840647325505,-0.698134183883667
-1.144968011871692,-0.6040830612182617
-1.1344494617116112,-0.6009086966514587
-1.1231288164761546,-0.6220592856407166
-1.1273542872507578,-0.6630237102508545
-1.1130143565276778,-0.6794739365577698
-1.0718661963259422,-0.6925649046897888
-1.0353754092638277,-0.6787016987800598
-1.0144541272951024,-0.6615323424339294
-1.0028022884862355,-0.5497983694076538
-1.0241661831314046,-0.5568903088569641
-0.8981775273294212,-0.5544379353523254
-0.8757157189247872,-0.5110039710998535
-0.8753111080163949,-0.46633899211883545
-0.9369265410046193,-0.6035090088844299
-0.934059747017819,-0.7266430258750916
-0.9583513873360838,-0.7081474661827087
-0.9054737423710368,-0.7727903127670288
-1.014980657720333,-0.6797578930854797
-1.0161610738824478,-0.5738713145256042
-1.0374290556187922,-0.6360917687416077
-1.0452309536634086,-0.6727414727210999
-1.063108504796603,-0.7520833015441895
-1.0370445789173919,-0.7610155344009399
-1.0365486881391839,-0.8651589155197144
-1.0263426214021207,-0.9513887763023376
-1.1144180127163372,-0.861799955368042
-1.0494584526497555,-0.9008193612098694
-1.0437358966957504,-0.6040422320365906
-1.0978805871916864,-0.7895832061767578
-1.0790922689057665,-0.5075657963752747
-1.2069094223882457,-0.6098275780677795
-1.187954090183767,-0.6870880126953125
-1.2021709059764323,-0.586297869682312
-1.1831163399917881,-0.6292323470115662
-1.112098944860192,-0.5221865773200989
-1.0996048890941912,-0.5046283006668091
-1.1406959501437905,-0.6761066913604736
-1.1207747179744263,-0.48169344663619995
-1.1291599410337863,-0.49737393856048584
-1.12857774974834,-0.5158199667930603
-1.101443132792079,-0.4517362117767334
-1.0755511662112711,-0.4781453013420105
-1.1238046945366025,-0.49886631965637207
-1.1230950808777902,-0.5044453144073486
-1.135546358188776,-0.5953477025032043
-1.1323391398179745,-0.6045579314231873
-1.2290968872918169,-0.455186665058136
-1.2405620754396587,-0.5138640403747559
-1.238886377503334,-0.5010038018226624
-1.2715682175375982,-0.5029387474060059
-1.270907933388221,-0.5733176469802856
-1.4248905366468059,-0.524551510810852
-1.4274880615111039,-0.4636841416358948
-1.4706300476211112,-0.5040010213851929
-1.5082778298968809,-0.583736002445221
-1.583892162506059,-0.5538995862007141
-1.6240521797755771,-0.6234361529350281
-1.383795824392914,-0.6312546730041504
-1.2252962601712718,-0.6044184565544128
-1.2219404575563018,-0.595522940158844
-1.2136833176416009,-0.6011727452278137
-1.2415146396241608,-0.5028041005134583
-1.2472769173771339,-0.6471920609474182
-1.1690576711820666,-0.6064987182617188
-0.9935867081692265,-0.6673012971878052
-0.9774610441125277,-0.5768559575080872
-0.9380305572585494,-0.506452202796936
-0.9159944868706628,-0.536079466342926
-0.8967922259910217,-0.505560576915741
-0.8265687897504719,-0.5332459807395935
-0.8007849478753704,-0.6097192764282227
-0.7874108510073707,-0.49265819787979126
-0.7526647661657664,-0.5262287259101868
-0.7524134155688089,-0.48035728931427
-0.7668486544575702,-0.6037551760673523
-0.7662205252187011,-0.5553661584854126
-0.7660883160542408,-0.616454541683197
-0.8230657190070481,-0.6901344656944275
-0.8744616532648789,-0.5759322047233582
-0.7822898142350306,-0.5996331572532654
-0.7035294585618544,-0.6807753443717957
-0.6978446507737165,-0.5884478092193604
-0.6875108177631073,-0.630716860294342
-0.7095968541501972,-0.5998826622962952
-0.8123562234987013,-0.6518360376358032
-0.8255977490567713,-0.6632766127586365
-0.8306031314630329,-0.7294011116027832
-0.8777570437406856,-0.7895678877830505
-0.882765239385679,-0.6805287599563599
-0.9319391580329492,-0.7308934926986694
-0.9390026644649176,-0.9198846817016602
-0.9614360184409882,-0.8523409366607666
-1.0424989619340044,-0.9280466437339783
-1.0295330516285306,-0.951140820980072
-1.0512609570734712,-1.019274353981018
-1.0452462042201136,-1.0541976690292358
-1.0508847326194486,-0.9193198680877686
-1.0625406288736057,-0.8406925797462463
-1.1108126280130488,-0.875592827796936
-1.2375336782590407,-0.8781877756118774
-1.5203198613494653,-0.7006988525390625
-1.3902295137053209,-0.683822512626648
-1.4244589777713077,-0.6914365291595459
-1.279630939821144,-0.6573379039764404
-1.3270532203928949,-0.6933937072753906
-1.3234392084230768,-0.6455743908882141
-1.3884429453413845,-0.5799235105514526
-1.4005573422228925,-0.6519268155097961
-1.4054485584106058,-0.5814557671546936
-1.4214008079579474,-0.6219096779823303
-1.401659587041827,-0.5556854605674744
-1.3097135337085168,-0.5278346538543701
-1.073533568705976,-0.5974562168121338
-1.0396152839154076,-0.6644312739372253
-1.000525484657491,-0.6411968469619751
-1.0001684392123489,-0.5725342631340027
-1.0209224765323495,-0.6037710905075073
-0.96183499942468,-0.7175182700157166
-0.962644771634088,-0.6824708580970764
-0.9614899831474509,-0.5698713064193726
-0.9745984367005774,-0.6210383772850037
-0.9130536541368212,-0.6282534599304199
-0.8658885947400357,-0.5343381762504578
-0.8882912477324189,-0.5680117607116699
-0.8009153196751708,-0.6950066685676575
-0.8062717047414834,-0.5624794960021973
-0.7675863754782128,-0.6639504432678223
-0.7152761402657922,-0.6132869124412537
-0.712363554945189,-0.6272591352462769
-0.714552559700744,-0.6389865875244141
-0.6944314407567002,-0.6530726552009583
-0.7126874618457185,-0.5955573320388794
-0.830031669483755,-0.5718685388565063
-0.8687912142773394,-0.6164947152137756
-0.7345892559582884,-0.6408700942993164
-0.7372149605260623,-0.7587916254997253
-0.7284125646338785,-0.6773247718811035
-0.7104501342016155,-0.8324413895606995
-0.7147775853841142,-0.7656311988830566
-0.6988078437525033,-0.7514330148696899
-0.6955578268748148,-0.8849443793296814
-0.7042256276918143,-0.8679425716400146
-0.7166140443175409,-0.9392221570014954
-0.7301091623998032,-0.9020493626594543
-0.8297387148485837,-0.7921881079673767
-0.8137042677652261,-0.8062916398048401
-0.8845628477937559,-0.7491575479507446
-0.9175531398422138,-0.7976815104484558
-0.9086726485945706,-0.6906101107597351
-0.9029019905657678,-0.7757040858268738
-0.9230726058909118,-0.8994514346122742
-0.9271307601165857,-0.6551646590232849
-0.9218019456501624,-0.6992866396903992
-0.9241017402019095,-0.7176190614700317
-1.2794795365173517,-0.8144523501396179
-1.2814229728010293,-0.8365098237991333
-1.3270480242179488,-0.7187030911445618
-1.4390343157841852,-0.6586090326309204
-1.4499739605154862,-0.6876670122146606
-1.5336484730437139,-0.7168251872062683
-1.4389174153823494,-0.8028625845909119
-1.4496493731084321,-0.7345499992370605
-1.49351741936027,-0.7237501740455627
-1.4849663164077562,-0.6769431233406067
-1.4705858305966915,-0.6791208386421204
-1.461248244340207,-0.7214736938476562
-1.4538612685693288,-0.6815147995948792
-1.3277316974727513,-0.6727803349494934
-1.332837433163043,-0.6625307202339172
-1.3450459356599018,-0.5559557676315308
-1.3575959433820017,-0.7267719507217407
-1.3519652959619786,-0.6449403762817383
-1.3589561981788254,-0.6439204216003418
-1.2389198557649586,-0.5779032707214355
-1.1543733743389866,-0.5848019123077393
-1.0976831866400711,-0.5929630994796753
-1.049329434724096,-0.5449841022491455
-1.0231730175267675,-0.5474613308906555
-1.0197517875093087,-0.5541319251060486
-1.020718466170794,-0.597622275352478
-1.0626907495818636,-0.6137629747390747
-1.0264781637524638,-0.5495394468307495
-0.9849953616740501,-0.5719766616821289
-0.9705349498275672,-0.5489898324012756
-0.9625386630139119,-0.6683815717697144
-0.9860101071493922,-0.6596275568008423
-0.9908199049629592,-0.6465076208114624
-1.083901061074126,-0.7228723168373108
-1.088323968144812,-0.6410850882530212
-1.0905008423869385,-0.6131044626235962
-1.0443536805897595,-0.6034345626831055
-1.0769145091490924,-0.6038591861724854
-1.0839079720099791,-0.6957890391349792
-1.1315221710957948,-0.6884419322013855
-1.2410626708656558,-0.7306076288223267
-1.1814549414682216,-0.6270079612731934
-1.2057220486598645,-0.646294891834259
-1.2304253122507143,-0.8344097137451172
-0.9324421144297078,-0.7140366435050964
-0.9324421144297078,-0.7067241668701172
-0.9487220753563356,-0.6135414838790894
-0.9956864432483019,-0.6979424953460693
-1.036233125451866,-0.6576724052429199
-1.0559347518753215,-0.7032232284545898
-0.9574537312470415,-0.8007595539093018
-0.9560598334544907,-0.9242926239967346
-0.9537477589627607,-0.9155973196029663
-0.9842954002700981,-0.8647871613502502
-0.978446191517448,-0.9581835269927979
-0.979740936985448,-0.9058804512023926
-0.990555950325879,-0.8347118496894836
-1.0386711627032301,-0.924190878868103
-0.9863398328862021,-0.9682677984237671
-0.9971128704246716,-0.8879688382148743
-0.9763809347159154,-0.8365172147750854
-0.9925881727907118,-0.9508624076843262
-0.9928880064035175,-0.9701920747756958
-1.0125429651032887,-1.0791164636611938
-1.2556983425652577,-1.056437611579895
-1.2476489470033865,-1.0605194568634033
-1.109897192147296,-1.0078622102737427
-1.0544107661323816,-1.1199431419372559
-1.0551466901615583,-1.058275818824768
-1.034237828843516,-0.91444993019104
-1.1485589266263863,-1.0924603939056396
-1.1461686404162628,-0.9551230669021606
-1.1205633138786761,-1.1172658205032349
-1.1350583016740863,-1.0896480083465576
-1.1397103140095912,-1.1628059148788452
-1.142026109328035,-1.0226986408233643
-1.1161631162364258,-1.1986666917800903
-1.1175685038054255,-1.186652660369873
-1.2339384469876802,-1.3480851650238037
-1.2305617119397727,-1.1029685735702515
-1.2391121663420697,-0.8284200429916382
-1.250461035193239,-0.8998196125030518
-1.2510355326401328,-0.8528426885604858
-1.250101044368676,-0.866871178150177
-1.2594084478957779,-0.8250216245651245
-1.2716903684704906,-0.7346057295799255
-1.3444812098305006,-0.9437476992607117
-1.434352770783152,-0.9695733189582825
-1.3786257965594741,-1.0207369327545166
-1.3479421609901097,-0.86119544506073
-1.3533137089102616,-0.8820081949234009
-1.3348508975385864,-0.992967963218689
-1.3513368948154625,-1.102319598197937
-1.3484449465301385,-1.0723010301589966
-1.379209001376723,-1.0047950744628906
-1.367545420374646,-1.1570767164230347
-1.3781499501369838,-1.1379096508026123
-1.3089992561784327,-1.105107307434082
-1.3004323571426193,-1.208107352256775
-1.1934890221428953,-1.3135401010513306
-1.178201845462972,-1.2380096912384033
-1.1674449091127712,-1.1108099222183228
-1.1347693790420983,-1.147574782371521
-1.0131985961703607,-1.0555353164672852
-0.979421692388625,-1.066955804824829
-0.9874194562734973,-0.9312059879302979
-0.768557481317879,-0.8859134912490845
-0.789122685482779,-1.0464510917663574
-0.8049099668024031,-1.0698963403701782
-0.8216579906212972,-1.0957359075546265
-0.8313585030036414,-1.0863739252090454
-0.8361683193621079,-1.116895318031311
-0.8398101722962384,-0.9040045738220215
-0.8371271409997788,-0.9784792065620422
-0.8343016202118684,-0.9622549414634705
-0.8411058023755584,-1.107830286026001
-0.8493133202433836,-1.1182472705841064
-0.8468325892145319,-1.0957930088043213
-0.8434768505475846,-1.099461555480957
-0.9091664338075747,-1.0814157724380493
-0.9119921879518044,-1.0711801052093506
-0.8818941078445499,-0.9838283658027649
-0.9288144906416627,-0.9777749180793762
-0.9829647338280393,-1.132966160774231
-1.0415064224135082,-1.2041312456130981
-1.0935636768373804,-1.1377983093261719
-1.482012800976234,-1.0595465898513794
-1.4733109461011769,-0.7471936941146851
-1.4273246930145003,-1.0501011610031128
-1.3663425424564044,-0.9295549392700195
-1.3663425424564044,-0.7321202158927917
-1.3643334014906923,-0.803466260433197
-1.366825538200271,-0.8600291013717651
-1.3968494214196971,-0.7618687152862549
-1.3284516915967586,-0.8202932476997375
-1.2632878461961423,-0.8402562141418457
-1.2543854775529966,-0.8179219961166382
-1.3069701019043265,-0.9281765222549438
-1.30448900523754,-0.7853165864944458
-1.2930120390254458,-0.7941288352012634
-1.2932353329384507,-0.7510631084442139
-1.336990386910538,-0.7432969212532043
-1.3516781757628937,-0.8246684074401855
-1.3558148320248469,-0.8589485287666321
-1.399482871373743,-0.7901452779769897
-1.4000783767545237,-0.7398473024368286
-1.4444634055105328,-0.7493900060653687
-1.4734193715686936,-0.7741785049438477
-1.4120537304381897,-0.7975490689277649
-1.4437426251321914,-0.7783815860748291
-1.4239364142933435,-0.7056686282157898
-1.4183906993997177,-0.7120212316513062
-1.435243615703658,-0.6626035571098328
-1.4059849915882396,-0.7546007037162781
-1.4161296501899427,-0.7605776190757751
-1.4492693079180017,-0.6501051187515259
-1.2735465049973274,-0.6562963128089905
-1.2517700160371568,-0.8186426162719727
-1.247036754053452,-0.7578514814376831
-1.2498788161643803,-0.7120227813720703
-1.1910668145357173,-0.7139504551887512
-1.2714397912606537,-0.7374787330627441
-1.2537139504453099,-0.7369611263275146
-1.130443284183513,-0.6987825632095337
-1.1301861597808758,-0.6527425646781921
-1.1235453751361493,-0.7149325013160706
-1.1147123150847233,-0.6375082731246948
-1.1046828403873143,-0.7523545026779175
-1.0886319933149176,-0.7780408263206482
-1.053555041507526,-0.7151482701301575
-1.0473862105275764,-0.7898058891296387
-0.9880078225075375,-0.6276550889015198
-0.9889887215881427,-0.7316880226135254
-1.0070987070557857,-0.785346508026123
-1.0279126109131935,-0.8090952038764954
-1.0562306380562125,-0.7862599492073059
-1.1078434754317192,-0.9364267587661743
-1.1139289511907606,-0.8224351406097412
-1.1173731533223188,-0.8088762164115906
-1.1125213004061487,-0.8860225677490234
-1.1727846406948617,-0.8363170623779297
-1.1295758260159,-1.038606882095337
-1.1701847145185376,-0.8472620248794556
-1.2151803219821697,-0.7860292196273804
-1.226476862790699,-0.8383514881134033
-1.2264774311181192,-0.790385365486145
-1.316644883296522,-1.1682491302490234
-1.2475746018854215,-1.1561685800552368
-1.2613543114610604,-1.1099941730499268
-1.2661922938900236,-1.1238932609558105
-1.2656910099698135,-1.0786516666412354
-1.3075554590917426,-1.1477229595184326
-1.2700148350670026,-1.120951533317566
-1.2427402581291431,-0.9633857607841492
-1.2167459675283725,-1.2415111064910889
-1.2271532219899222,-1.2571043968200684
-1.1900229847842567,-1.1650362014770508
-1.1851858714573764,-1.186614751815796
-1.2015250653738083,-1.126487135887146
-1.177151091409993,-1.1200255155563354
-1.1805621699622821,-1.2197543382644653
-1.2230041560447518,-1.277421474456787
-1.2344707316857897,-1.3041038513183594
-1.1914388404299827,-1.2601163387298584
-0.8993702191167953,-1.2305195331573486
-0.8859234405088601,-1.2934112548828125
-0.5783930121677184,-1.2279939651489258
-0.5774125513732338,-1.031930685043335
-0.636076997003229,-1.033927321434021
-0.6165931556552561,-0.9812691807746887
-0.5722614431724176,-1.0804946422576904
-0.5659954735352734,-1.0250991582870483
-0.6096003034682436,-1.0159335136413574
-0.649858384099278,-1.1127007007598877
-0.6439995154553101,-0.9917941689491272
-0.570391641232327,-1.1257123947143555
-0.5705115264995182,-1.0110722780227661
-0.559254797981038,-0.9688209891319275
-0.549202535745035,-0.8953561186790466
-0.5410853517974632,-1.1285252571105957
-0.5510315015597896,-0.9774909615516663
-0.53845964880945,-1.018493413925171
-0.5322021627868354,-1.09135103225708
-0.5143983628412094,-0.9804625511169434
-0.5907902798817964,-0.9120070934295654
-0.5854226639318684,-1.0865154266357422
-0.8564273519668424,-0.8963184952735901
-0.8550417649609066,-0.9863954782485962
-0.7973401297364857,-0.8220334649085999
-0.8184842599564274,-0.8836751580238342
-0.9228709243314467,-0.7959786653518677
-0.883357773242835,-0.8722701072692871
-0.007191547856280633,-0.7123112678527832
0.006903319523152496,-0.7045102119445801
0.03619483515770725,-0.7457242012023926
0.010058151694235186,-0.7946174144744873
0.016446487728986946,-0.811903715133667
-0.0005569081500562372,-0.8679206371307373
0.009815951262189933,-0.8691728115081787
0.006489032135736863,-0.8307501077651978
0.013387284576787875,-0.7608623504638672
0.013848102963132864,-0.8563987016677856
0.018867718223746832,-0.841724157333374
0.024950711264082936,-0.8648650646209717
0.030981229445104504,-0.9045361280441284
0.04547641643712727,-0.8616162538528442
0.046246015887930716,-0.9763652682304382
0.044353386492381,-0.8773516416549683
0.03688295719776058,-0.8800301551818848
0.04212876772554377,-0.974074125289917
0.043684044190473226,-1.0594329833984375
0.04249871528543481,-0.9670995473861694
-0.6947606845778124,-0.999855101108551
-0.8562949199918941,-0.9707109928131104
-0.9015962077411457,-0.9758167862892151
-0.9321836405287001,-0.9170436263084412
-0.872744561931571,-0.913927435874939
-0.8695987695232634,-1.0385361909866333
-0.8814946155079861,-0.987724781036377
-0.8824572878773506,-1.0812783241271973
-0.8560619894087126,-0.9499504566192627
-0.855614989941693,-1.0772840976715088
-0.8635927600287369,-0.9739705920219421
-0.8881887704525033,-0.9367441534996033
-0.8852770878391888,-0.9265380501747131
-0.9802738990334166,-1.0393872261047363
-0.9934207779392121,-0.8603379130363464
-0.9916867834811663,-1.0467181205749512
-0.9863958259290773,-0.9252134561538696
-1.0329031076080333,-0.9930009245872498
-1.0557480732328495,-0.8291003704071045
-1.1229774214300816,-0.8596502542495728
-1.1128932872375499,-1.0006320476531982
-1.052038949948407,-0.9862222671508789
-1.1196441587349335,-0.9352580308914185
-1.1093795093691277,-0.8510565161705017
-1.1245383513667568,-0.9170745611190796
-1.1527707535088052,-0.9185832738876343
-1.1748011128992435,-0.8741344809532166
-1.0486571400505953,-0.9453761577606201
-1.0417604222662051,-0.9005879759788513
-1.0359144354997776,-0.9747982025146484
-1.03952307118867,-0.8341038227081299
-1.0530034958867216,-0.8771485090255737
-1.0259654483764367,-0.8692875504493713
-1.0172445404810675,-0.9458245038986206
-0.9984891365320008,-0.8865344524383545
-0.9984891365320008,-0.9568288326263428
-0.959186929722829,-0.8962693214416504
-0.9816791735037727,-0.9751314520835876
-0.9849771669070653,-0.9693131446838379
-0.993321506530248,-1.0107858180999756
-0.9146102683159341,-1.2297676801681519
-0.973316154151588,-1.4088633060455322
-0.9789722738236598,-1.2084301710128784
-0.9816668413131451,-1.2303247451782227
-0.3201392664975171,-1.369258165359497
-0.3257138144623228,-1.1467667818069458
-0.3212052840660567,-1.0352880954742432
-0.3363364908600955,-1.0942540168762207
-0.27648151895267314,-1.074186086654663
-0.27538037881503546,-1.1325143575668335
-0.27613647770138594,-0.8439435958862305
-0.2735224646183723,-0.7859074473381042
-0.2670574701276986,-0.8180617094039917
-0.26478980342098046,-0.7692880630493164
-0.2787616316034181,-0.7087714076042175
-0.28078659719016774,-0.7225545644760132
-0.2778939389309859,-0.704622745513916
-0.2503519887087897,-0.7774075269699097
-0.27040333965655416,-0.7848285436630249
-0.2737727639620727,-0.7750158905982971
-0.2571494859918886,-0.927832841873169
-0.24547433145373018,-0.9422041177749634
-0.2461912235098064,-0.9135473966598511
-0.25175350972569205,-0.9836573004722595
-0.6944481617403909,-0.9519246816635132
-0.6944111550748423,-0.9643828272819519
-0.647750974740055,-0.9794696569442749
-0.6355617325610101,-0.8707818984985352
-0.8086330871144654,-0.9208009243011475
-0.8006307586701987,-0.9525781273841858
-0.7932877470061884,-0.9613408446311951
-0.7953187437146028,-0.9078791737556458
-0.9350802747874853,-0.926071047782898
-0.9571289936934182,-0.9435728788375854
-0.9240743013493627,-0.8999718427658081
-0.9436245473928617,-0.9794968366622925
-1.0178770957114176,-0.9416537880897522
-1.0771102142171527,-0.9171443581581116
-1.0967890381571463,-0.9233255982398987
-1.0721321988271648,-0.9628575444221497
-1.1591114328303684,-0.8960051536560059
-1.1821455575689048,-0.8897594809532166
-0.9856943833554798,-0.8405115604400635
-0.8706461138470358,-0.6890134811401367
-0.8001054311882234,-0.8681005239486694
-0.8021933391785149,-0.9671693444252014
-0.9403437591006342,-0.9137619137763977
-0.9416985859327447,-1.042612075805664
-0.9385946629233672,-1.05934476852417
-0.9072216412328318,-1.0211466550827026
-0.8786723262309912,-0.8542870283126831
-0.8734288918544683,-0.8335716724395752
-0.863852938395166,-0.9187964200973511
-0.7689654032426377,-0.8939917683601379
-0.7606133653993534,-0.8539124131202698
-0.7521933712168272,-0.9866807460784912
-0.6910135154645664,-0.9123402833938599
-0.6896465086889408,-0.6980376243591309
-0.6745847638092471,-0.7023966312408447
-0.6175341545354472,-0.7675727605819702
-0.5207264930251096,-0.7528914213180542
-0.5052891822279024,-0.866348385810852
-0.5840505731837724,-0.8075451850891113
-0.6883439542021617,-0.8015285134315491
-0.6336682405495967,-0.9354113936424255
-0.5892102359291375,-0.7690639495849609
-0.5972386322676712,-0.8222191333770752
-0.5997789058858698,-0.9364197254180908
-0.5889124037988539,-0.7876601219177246
-0.5904639406774086,-0.9148476719856262
-0.6217053747873752,-0.8497323989868164
-0.6193523536900377,-0.9615484476089478
-0.435788638677289,-0.9100547432899475
-0.4327235748405942,-0.9370276927947998
-0.4086385204650639,-0.8849571347236633
-0.4163861867429063,-0.888150155544281
-0.43401337220528985,-0.9031134247779846
-0.4414089228350863,-0.8258544206619263
-0.4153865428486109,-0.907317578792572
-0.45167684236965383,-0.8894957900047302
-0.5329216009612041,-0.8535277843475342
-0.5461647518321399,-0.8116415143013
-0.5483506812978085,-0.8865426778793335
-0.4195344930740995,-0.7821193337440491
-0.4637756268071095,-0.989317774772644
-0.5094916846135555,-1.0878257751464844
-0.509839178841488,-1.0414793491363525
-0.5096336016919428,-1.0700081586837769
-0.5246202938930491,-1.1618163585662842
-0.5623104488128733,-1.3143019676208496
-0.55777522850504,-1.134318232536316
-0.5593627508395976,-1.2089252471923828
-0.8150468972061109,-1.1685364246368408
-0.8635338796516688,-1.0503885746002197
-0.9160286805511981,-1.1062190532684326
-0.9070887221270308,-1.0942425727844238
-0.898139416217997,-1.0410761833190918
-0.8956754602531661,-1.0553709268569946
-0.9651293071322647,-1.1951730251312256
-0.9488466915692887,-1.2564682960510254
-0.9546742667833662,-1.2956762313842773
-0.9361268358282463,-1.197251319885254
-0.9119746826423246,-1.254279613494873
-1.3072890276719267,-1.2992079257965088
-1.3406218104064263,-1.0356626510620117
-1.3475509627295363,-0.9614040851593018
-1.350593555143447,-0.9473476409912109
-1.3190199433361367,-0.8002805113792419
-1.300350847994191,-0.7539362907409668
-1.2533738093195237,-0.7814668416976929
-1.2577564586058114,-0.7955172061920166
-1.2615763133721394,-0.7926069498062134
-1.2480103331677082,-0.7579120397567749
-1.30881477432231,-0.8699951767921448
-1.3057090440673274,-0.6854694485664368
-1.311695680019831,-0.7354185581207275
-1.1226760683616968,-0.6910841464996338
-1.1194252759714869,-0.7047268748283386
-1.1131380024422646,-0.8471386432647705
-1.1224251861204597,-0.7458437085151672
-1.082336885504795,-0.7025991678237915
-1.1436787155331034,-0.7911865711212158
-1.2216748862890354,-0.8059638738632202
-1.2440618983954033,-0.9108321070671082
-1.272936173032955,-0.7125502824783325
-1.2657722874835096,-0.7553220987319946
-1.2657722874835096,-0.8810071349143982
-1.2189520970423497,-0.7562143206596375
-1.2204996316804884,-0.7778571844100952
-1.238975593971154,-0.843454122543335
-1.1644190257056322,-0.8422383069992065
-1.1589229971625437,-0.7135576605796814
-1.1641115505792154,-0.8397372961044312
-1.1483613011993998,-0.741796612739563
-0.9774180155900442,-0.7958759069442749
-0.9722536925453896,-0.8062063455581665
-0.9913767076883259,-0.7693545818328857
-1.0014312786457436,-0.8914209604263306
-0.9679145485168538,-0.9104644060134888
-0.9676811151053842,-0.8258438110351562
-0.9395600807081717,-0.8216986060142517
-0.9225572308003278,-0.9160827398300171
-0.6669237424859823,-0.768706202507019
-0.6667229595842213,-0.6933056712150574
-0.6604883904137131,-0.708812415599823
-0.6382670158025566,-0.7126033306121826
-0.638137778812744,-0.7034740447998047
-0.6714458159124549,-0.723376989364624
-0.6658045932943925,-0.7149393558502197
-0.6619593790472438,-0.8160983324050903
-0.6946479645699364,-0.8481574058532715
-0.7051304830406507,-0.7586691379547119
-0.6751530366431504,-0.8460394144058228
-0.6520985916464251,-0.8145402669906616
-0.6623141227411183,-0.8482168316841125
-0.6524947493917699,-0.7722729444503784
-0.6932306738874948,-0.7905378341674805
-0.6879816186362986,-0.8198119401931763
-0.7005022466937875,-0.8327279090881348
-0.6964899409372157,-0.7847580909729004
-0.7150466735789146,-0.7881937026977539
-0.700052766371891,-0.960457444190979
-0.9836190672534643,-0.852986216545105
-0.9697919300330827,-0.7947051525115967
-0.9734816225822459,-0.8722754120826721
-0.9999221597920517,-0.7757875323295593
-0.9130273649489705,-0.7700984477996826
-0.8629019281039533,-0.8318153619766235
-0.862979247706379,-0.7356559038162231
-0.850962370306444,-0.7168764472007751
-0.854666988307945,-0.7759108543395996
-0.8213771388918446,-0.7320805788040161
-0.8162499631260701,-0.7039335370063782
-0.9293655132500926,-0.6441549062728882
-0.9157639631778295,-0.7158300876617432
-0.8716282714350799,-0.6332439184188843
-0.869865246641204,-0.8240376114845276
-0.8493495694762448,-0.783699095249176
-0.8277163627581514,-0.6736264228820801
-0.7944629263518963,-0.6457200646400452
-0.7854148972149194,-0.7956299185752869
-0.8035388816497677,-0.6797878742218018
-0.8215129264483587,-0.7643897533416748
-0.8030893146269525,-0.6961828470230103
-0.7730808750729933,-0.6351560354232788
-0.7698677313166832,-0.7009865641593933
-0.8309286059574279,-0.7769125699996948
-0.8658615384468871,-0.6767562627792358
-0.8795828583235946,-0.6992039680480957
-0.8075391262212054,-0.7029902338981628
-0.752817849448948,-0.7062413096427917
-0.7246894627038891,-0.7080953121185303
-0.812047753292927,-0.7930184602737427
-0.8120718905067116,-0.7874845266342163
-0.8030489564843429,-0.8265126943588257
-0.8120620710429896,-0.785454273223877
-0.7411558062385122,-0.7725228667259216
-0.5814952273936427,-0.7773985862731934
-0.580300149110408,-0.7482697367668152
-0.5768184058010205,-0.8086608052253723
-0.572266895209637,-0.8897520899772644
-0.5882209966879776,-0.8991403579711914
-0.5478612210844795,-0.8697009086608887
-0.5726981075510578,-0.8370975852012634
-0.5517797777111227,-0.7673667669296265
-0.5640338592421955,-0.832987368106842
-0.5672799057769227,-0.8814102411270142
-0.5650314874344206,-1.0256683826446533
-0.5681695482876757,-0.8994444608688354
-0.5980698867480183,-0.8890547752380371
-0.6188574405444702,-0.9537765979766846
-0.6594432545654559,-0.8930917978286743
-0.6723888015228647,-0.7577559351921082
-0.6705111047418656,-0.5938278436660767
-0.7018386894712374,-0.6744419932365417
-0.7791890842913725,-0.8399842381477356
-0.8088321250261227,-0.8008272647857666
-1.2457502917009016,-0.8131337761878967
-1.265289836928969,-0.7454637289047241
-1.2846918435920363,-0.7766572833061218
-1.298919316786384,-0.7933201789855957
-1.3373196480879146,-0.8363538980484009
-1.6455597506479007,-0.9302952289581299
-1.639893969956234,-0.8718575239181519
-1.7227413433836958,-0.8321486711502075
-1.7438397290666023,-0.658132016658783
-1.5104133739087484,-0.9139820337295532
-1.5037215200825185,-0.7929660081863403
-1.5223708099609266,-0.8167929649353027
-1.507881809263707,-0.8692551851272583
-1.6098274522352136,-0.8036314249038696
-1.6043904174627213,-0.8015739917755127
-1.623147334056111,-0.7697301506996155
-1.6236880569494296,-0.7248098850250244
-1.557662815161671,-0.7107406258583069
-1.4853872267732111,-0.7694689035415649
-1.4972368819941146,-0.7012591361999512
-1.41813903886034,-0.7469677925109863
-1.3419332675462015,-0.7626432776451111
-1.3302774120657417,-0.7452553510665894
-1.3273428487246022,-0.7568360567092896
-1.3307694919317656,-0.7868967056274414
-1.3763910675523197,-0.7480648756027222
-1.383335655747251,-0.7098274827003479
-1.4673081022509684,-0.727712094783783
-1.453944926456195,-0.7534830570220947
-1.5692425235248786,-0.7443661689758301
-1.5651192163449694,-0.6703008413314819
-1.5077703826848434,-0.6211587190628052
-0.7515397682111573,-0.6250705122947693
-0.6942989659025296,-0.730127215385437
-0.6876455927389217,-0.7360315918922424
-0.6341630207462088,-0.7076562643051147
-0.6294332099826145,-0.7211171388626099
-0.5799414074796216,-0.7800657749176025
-0.5645875271381803,-0.7398049831390381
-0.5640713462289645,-0.8362162113189697
-0.5503794779175946,-0.8247848153114319
-0.5557747169716699,-0.8737733960151672
-0.563813462181394,-0.7227939963340759
-0.5646611838741324,-0.6992866396903992
-0.5498632827656686,-0.8250198364257812
-0.5444045348874276,-0.9047425389289856
-0.5476656054214195,-0.8492038249969482
-0.5503129915937468,-0.8435029983520508
-0.5399164872518293,-0.8889898061752319
-0.5381388800774162,-0.9063006639480591
-0.5516115298013956,-0.8207194805145264
-0.5482910781251211,-0.8354605436325073
-0.7683809333707683,-0.8331658840179443
-0.8498410254720568,-0.7281146049499512
-0.8192360361511198,-0.7743936777114868
-0.89613380401759,-0.7260843515396118
-0.8635125921895979,-0.7691260576248169
-1.0058971217119168,-0.6053874492645264
-1.0320693185082737,-0.7856863141059875
-1.0309352601149624,-0.7336989641189575
-1.0467537628217105,-0.8159714341163635
-1.0703988164735987,-0.8214972019195557
-1.06419774400888,-0.8147464990615845
-1.0385654765325867,-0.8070386648178101
-1.1348538157886252,-0.7411922216415405
-1.025085666073311,-0.8271002769470215
-1.0256397278291947,-0.8364380598068237
-1.0483136801873767,-0.8256577849388123
-1.0018490392413948,-0.8298803567886353
-1.0032645940768978,-0.7749531865119934
-1.0357654578522069,-0.8690295219421387
-1.0165664610182017,-0.8183308243751526
-1.0537492159816704,-0.9719036817550659
-1.0434883344869201,-0.8716246485710144
-1.044415209633537,-0.9250638484954834
-1.0432704909338475,-0.9709166288375854
-1.1204481408100158,-0.9562435150146484
-1.1128168155281413,-1.0121830701828003
-1.0949364828491102,-0.9854204654693604
-1.0852031616902813,-0.9423902630805969
-1.1850749620674847,-0.9218226671218872
-1.0762526422748275,-1.004791021347046
-1.0648170803814963,-1.022432565689087
-1.0823685364793985,-0.9549533128738403
-0.9505314133975528,-1.013555645942688
-1.049661517158274,-0.9814901351928711
-1.072602220309754,-1.0004140138626099
-1.084750174977271,-0.9329563975334167
-1.1112166952522482,-0.9363009333610535
-1.1097955930373222,-0.9654440879821777
-1.1159173812447998,-0.9394804239273071
-1.1650392044234104,-0.9455586671829224
-1.2214851429818874,-0.720123291015625
-1.197806104762117,-0.8058037757873535
-1.1744683956782744,-0.7604657411575317
-1.1629940743099094,-0.8761904835700989
-0.926225787027547,-0.799626886844635
-0.9297127770856117,-0.8226920366287231
-0.8319141537911315,-0.8457280397415161
-0.7302025957462865,-0.8408257961273193
-0.6891279705072785,-0.919222354888916
-0.7025811873969926,-0.7614046335220337
-0.7172090170187643,-0.8093551397323608
-0.7180740780419909,-0.5903224945068359
-0.76530253933605,-0.6804697513580322
-0.7835306710356019,-0.6739932894706726
-0.6134790359153112,-0.6510099768638611
-0.609307917869072,-0.687166690826416
-0.6015355059750418,-0.6848398447036743
-0.5944023314954762,-0.6865754127502441
-0.5635016225269742,-0.634735107421875
-0.5635362627838717,-0.735852837562561
-0.5668067018693875,-0.832179069519043
-0.5732560718078504,-0.7461880445480347
-0.5840577797213901,-0.8492661714553833
-0.5638311438212644,-0.7381731271743774
-0.679967143196179,-0.7314062118530273
-0.6881889868690751,-0.7253463268280029
-0.792535559923639,-0.6826158761978149
-0.9231920345139131,-0.7816140651702881
-0.9041466517832552,-0.8770652413368225
-0.9069645032252139,-0.8831949830055237
-0.9086282806043914,-0.8284502029418945
-0.9029827099078046,-1.026873230934143
-0.9126971722590628,-0.9425356388092041
-0.9029426371862042,-0.9996018409729004
-1.1596898060693963,-1.0684932470321655
-1.0860835502455692,-1.0938962697982788
-1.096567322587955,-1.008402705192566
-1.0967051334604199,-0.8755367398262024
-1.1243167251569826,-0.8833572864532471
-1.1108494573821386,-0.9387121200561523
-1.0497692859105163,-0.9717414379119873
-1.0430031954541914,-1.0500245094299316
-1.0449516302027722,-1.0703210830688477
-1.1234934594934403,-0.8974484801292419
-1.1598952345619755,-1.077096939086914
-1.083108383899976,-0.996056079864502
-1.024698408301994,-0.9416550397872925
-1.1036502334542846,-0.9967987537384033
-1.1804918556746307,-0.9115933179855347
-1.1269384371821667,-1.0213565826416016
-0.8547888086624676,-0.9424737691879272
-0.8529839111765736,-0.751600980758667
-0.8426529938617249,-0.7695601582527161
-0.8630289313165616,-0.8145915269851685
-0.8578068358526207,-0.7193756103515625
-0.8403239046857618,-0.8424642086029053
-0.7472194856544817,-0.7583732604980469
-0.7380517887095849,-0.7407959699630737
-0.7486040124580408,-0.8279482126235962
-0.7527172045793599,-0.7239298820495605
-0.6401582867155997,-0.7480529546737671
-0.6483589567586673,-0.7727435827255249
-0.6197123887404101,-0.7393865585327148
-0.6231852484760796,-0.9262250661849976
-0.6201018673680799,-0.732852041721344
-0.6038558296483743,-0.778311550617218
-0.6142534306709397,-0.8323945999145508
-0.5378825674357848,-0.734161376953125
-0.5377325688333813,-0.8521319627761841
-0.558855089255916,-0.8575218915939331
-0.7147351858376488,-0.9199747443199158
-0.6940732188232193,-0.9557207822799683
-0.6789359964581143,-1.0014450550079346
-0.6804843325374079,-0.8317402601242065
-0.6622116520478288,-0.7751491069793701
-0.6539060783771956,-0.7635336518287659
-0.6854084251837349,-0.8195827007293701
-0.6655640466449443,-0.8907886743545532
-0.6702030451109946,-0.7996655702590942
-0.6484522824927812,-0.7424744367599487
-0.8403851713146095,-0.8634076714515686
-0.8334037994255366,-0.9365220665931702
-0.8534782569353125,-0.8596855401992798
-0.8549722942691519,-0.8277149796485901
-0.8535122316422574,-0.790087103843689
-0.9607218381629968,-0.7881683707237244
-0.978298140386902,-0.7596663236618042
-1.1225254493519554,-0.7328501343727112
-1.0437429144531558,-0.790097713470459
-1.0389491397735726,-0.7389093637466431
-1.073035137087146,-0.7320348620414734
-1.1106568391988856,-0.7378481030464172
-0.9664032364868196,-0.7521055340766907
-0.9649520110473189,-0.788725733757019
-1.0073575504942638,-0.9507592916488647
-1.0891826963735871,-1.0134201049804688
-1.0972941819070006,-0.9413394331932068
-1.1407155668031548,-0.8662628531455994
-1.101855529954093,-0.9490902423858643
-1.1937215717415135,-0.995092511177063
-1.1792212361313958,-0.9738497734069824
-1.1920708766450594,-0.9145433902740479
-1.166575608651269,-0.8932762145996094
-1.1378054022414275,-0.8685159683227539
-1.1272260087447559,-0.9356536269187927
-1.122280216672071,-0.8508679866790771
-1.1211995753243726,-0.9646317362785339
-1.0790320437766237,-0.8686602115631104
-1.1564633627872098,-0.930395245552063
-1.13533712399737,-0.9869072437286377
-1.1330015116050138,-0.9077239632606506
-1.1369706865277887,-0.8752398490905762
-1.4294513773732151,-0.7970271110534668
-1.4270991368150328,-0.8465275764465332
-1.4189370360999944,-0.8143705129623413
-1.422818739801225,-0.8717736005783081
-1.4438528153776846,-0.7491971850395203
-1.4623464878410783,-0.7400311231613159
-1.1790513104729656,-0.6428822875022888
-1.1001237129942316,-0.7437978386878967
-1.105595928416755,-0.7757740616798401
-1.0990540567928435,-0.7833762168884277
-1.099751627836738,-0.7750099897384644
-1.02559940406054,-0.7664477825164795
-1.0386791410225544,-0.6419329047203064
-1.040115575230332,-0.6797913908958435
-1.0159765297373315,-0.7247908711433411
-1.0544131925429092,-0.7631972432136536
-1.0493250860527574,-0.7780946493148804
-1.0774984291286311,-0.7211987376213074
-1.0372328475250485,-0.8423532247543335
-1.0380761404659185,-0.721307635307312
-0.9803236309629202,-0.7390391230583191
-0.9810912078458918,-0.7776055335998535
-0.9842170195828704,-0.7737013101577759
-0.9695696354179549,-0.8081128001213074
-0.9695627664624222,-0.7767215371131897
-0.9480210260365954,-0.8175427913665771
-0.9887620488456128,-0.787459671497345
-1.018533677543048,-0.8307774066925049
-0.8216512568801068,-0.7990174889564514
-0.766947845192257,-0.7956240177154541
-0.7660105177472442,-0.771553635597229
-0.804261522409281,-0.7201365232467651
-0.77321723211733,-0.6942053437232971
-0.7560480147773797,-0.8612895011901855
-0.7607923222573102,-0.792876660823822
-0.7372176547927594,-0.8378134965896606
-0.7232564804454653,-0.8181848526000977
-0.7205551248426618,-0.8412984609603882
-0.7560467113533882,-0.8273698091506958
-0.7503455518405305,-0.8905961513519287
-0.7638299104273044,-0.801361083984375
-0.7526665242732183,-0.8191529512405396
-0.762048582197819,-0.8626619577407837
-0.7831427603286327,-0.8875561356544495
-0.7814903277117503,-0.9307597875595093
-0.7727935440646406,-0.8454996943473816
-0.8616612910207863,-0.9626136422157288
-0.9100176014479477,-1.0455347299575806
-1.1878592074009215,-0.99510258436203
-1.2680289032547514,-0.9314244985580444
-1.2561802335566363,-0.8466981649398804
-1.2380475347284352,-0.8898378610610962
-1.3203196651935905,-0.9217060208320618
-1.3499690322749902,-0.9321413040161133
-1.2289581478698532,-0.8845653533935547
-1.3178478624337733,-0.821546196937561
-1.3544595372359882,-0.6346203684806824
-1.373893963817024,-0.6800957322120667
-1.3979151429023329,-0.7480496764183044
-1.419388509609912,-0.7763862609863281
-1.470833820170738,-0.7809830904006958
-1.4381191870221408,-0.7778061628341675
-1.4518181646324189,-0.7653594017028809
-1.4344853383565905,-0.8225907683372498
-1.3394092552032735,-0.8685163259506226
-1.3527796775793048,-0.885495662689209
-1.1404740281172092,-0.7749061584472656
-0.7237843251054301,-0.8482149243354797
-0.7010961381040296,-0.5551343560218811
-0.6990683089952711,-0.6876866221427917
-0.7132550388252904,-0.797486424446106
-0.7217048402661025,-0.8095263242721558
-0.724699206834751,-0.8095091581344604
-0.7156847635511955,-0.7549855709075928
-0.7443896575347883,-0.72571861743927
-0.7327592331265386,-0.6111977696418762
-0.6744487875600561,-0.764318585395813
-0.6735109946199874,-0.719653844833374
-0.6670145243903042,-0.7680708169937134
-0.675897851749643,-0.6577640771865845
-0.6643132066417965,-0.4828846752643585
-0.6866210338451738,-0.5698612332344055
-0.6860260763623176,-0.5973607301712036
-0.6815162536616961,-0.7004159092903137
-0.6891610811462489,-0.6857730150222778
-0.6830341279139375,-0.6730220913887024
-0.7394146491881196,-0.8980640172958374
-1.226584247315605,-0.961601197719574
-1.2667663602070716,-1.0112234354019165
-1.250541907713891,-0.9214422702789307
-1.2207699010378976,-0.9587491750717163
-0.9365523548478782,-0.9346135854721069
-0.9294809090813355,-0.8687593936920166
-0.9389453384868963,-0.9302956461906433
-0.9385154199078113,-0.7727830410003662
-0.9705127861006058,-0.81476891040802
-1.0645441869653134,-0.8526207804679871
-1.0697275312594132,-0.8746027946472168
-1.0623226317971122,-0.84168541431427
-1.0081168069930129,-0.9155910015106201
-1.0609937666305023,-0.9174224734306335
-1.061548094384576,-0.8491217494010925
-1.0912266238583799,-0.8840031027793884
-1.0412681383310252,-0.8650580048561096
-0.9905140673670436,-0.8752331137657166
-0.9610062070153476,-0.8861420154571533
-0.960800419130508,-0.8449394106864929
-0.9690260097850121,-0.7343448400497437
-0.9467436357284875,-0.8802638053894043
-0.9457041989067311,-0.8883374929428101
-0.9418313783424281,-0.8455652594566345
-1.2403390863347767,-0.8486186265945435
-1.2412053339235682,-1.0289232730865479
-1.1102358084677206,-0.9924495220184326
-1.1114807453337898,-1.037078619003296
-1.125531425662721,-0.9249403476715088
-1.0605227246843536,-0.9488732814788818
-1.0266344764419284,-0.9085007309913635
-1.0253403300461192,-0.9549071192741394
-1.0259591662729892,-0.9305371046066284
-0.9765650159851471,-0.8314379453659058
-0.9662619773207387,-0.8557232022285461
-0.8797698686804863,-0.9025262594223022
-0.9470798594196416,-0.9031203985214233
-0.9964175641514706,-0.9427593946456909
-1.0124565141236432,-0.8577462434768677
-0.9989660096079773,-0.9646394848823547
-0.9869928561956025,-1.0984339714050293
-1.022795693228752,-0.8929980993270874
-1.0317358903505753,-0.7892670631408691
-1.0355959378496113,-0.8372681140899658
-0.8085694784661044,-0.6681878566741943
-0.6326057898328233,-0.7077900767326355
-0.6374689353476687,-0.7583919763565063
-0.6400794009279293,-0.756865918636322
-0.6412927537692175,-0.7529828548431396
-0.7034259284239349,-0.7736318111419678
-0.7053974557979528,-0.763464093208313
-0.7130635108261616,-0.7649610638618469
-0.7150352452860631,-0.7403019666671753
-0.7247746932278665,-0.7861315011978149
-0.7180119834083795,-0.7739053964614868
-0.8180397934612192,-0.7287266254425049
-0.8203826965737798,-0.7729439735412598
-0.6006616789197761,-0.7797724008560181
-0.5945932237759558,-0.8398943543434143
-0.5619729314092123,-0.8734023571014404
-0.5113620027120056,-0.8836972117424011
-0.5006444292926164,-0.9092763066291809
-0.4911444368020892,-0.8862141966819763
-0.4881379844363581,-0.9297813177108765
-0.6040623072779296,-0.8851520419120789
-0.815337628625612,-0.8984800577163696
-0.7011497340533012,-0.9138081073760986
-0.6016167026234417,-0.7979012727737427
-0.588538438639971,-0.9056206941604614
-0.5585761084995341,-0.8123488426208496
-0.5512049958111067,-0.8191659450531006
-0.48097341103889757,-0.8212714791297913
-0.4783755933701594,-0.8131856918334961
-0.4418306248773058,-0.801887571811676
-0.39356998665482557,-0.9251222610473633
-0.3891087633963376,-0.8230249881744385
-0.3751892106165761,-0.7831945419311523
-0.4748535484094371,-0.8063600063323975
-0.47995904309712173,-0.8268452882766724
-0.5161724217420888,-0.7862644195556641
-0.5370594873092067,-0.8318367600440979
-0.5573946520256,-0.8102319240570068
-0.5664866753150989,-0.8095904588699341
-0.5517123548446888,-0.7979471683502197
-0.5619234019026348,-1.0229320526123047
-0.5614986185374348,-0.9829117655754089
-0.6139895797343948,-0.849332332611084
-0.70322675565993,-0.9652748107910156
-0.6371961797539378,-0.9281877875328064
-0.6600958145280422,-1.0866055488586426
-0.6699124591923755,-0.975935697555542
-0.7772201026769516,-1.175884485244751
-0.778935828371015,-1.0801829099655151
-0.8306566266543036,-1.129671335220337
-0.955450098919691,-1.0251070261001587
-0.9570633355541602,-1.0754568576812744
-0.972371966390792,-0.7738944292068481
-1.0112616805405037,-1.279287338256836
-0.9942828212841752,-1.289952278137207
-1.0043771827975616,-1.1025502681732178
-1.0962144160692184,-1.0878713130950928
-1.09393348053426,-1.201047658920288
-1.093888621863436,-1.1672985553741455
-1.1366606894246594,-1.0831489562988281
-1.1375428716637896,-0.9294097423553467
-1.150037460949746,-0.8623862266540527
-1.1578115929871642,-0.8791930675506592
-1.1613348550986227,-0.868598461151123
-1.4434550675494557,-0.9686423540115356
-1.5260878595036524,-0.8357757329940796
-1.5652614118964576,-0.8873285055160522
-1.5266185283409266,-0.7830787897109985
-1.290509631377273,-0.7861942052841187
-1.3265466135323438,-0.7506465911865234
-1.0807440614218216,-0.7629631757736206
-1.006590798072263,-0.7706283330917358
-1.0003278761934808,-0.6633150577545166
-0.9441585299231596,-0.765522837638855
-0.9426350235300366,-0.6544085741043091
-0.9413141409649726,-0.7451817989349365
-0.9373383420613388,-0.8739995956420898
-0.9341411337535112,-0.9144974946975708
-0.7754140270436529,-0.7856535911560059
-0.7756424711757888,-0.7857658267021179
-0.7728319910028101,-0.6836398839950562
-0.7706496689536875,-0.9856957197189331
-0.7706201205600505,-0.9356420040130615
-0.7728690952024432,-0.871492862701416
-0.761355251658035,-1.056565284729004
-0.7609120074091089,-1.0176033973693848
-0.7563015138749097,-0.9542350769042969
-0.7592143278074424,-1.0282973051071167
-0.8564939252175168,-0.9514977931976318
-0.8411248473564361,-0.8779647350311279
-0.9387389012016204,-0.8580909967422485
-1.025520383410138,-0.9570120573043823
-1.0366335611544937,-0.81474769115448
-1.1084673774221723,-0.8723458051681519
-1.128495850982882,-0.9518262147903442
-1.1074972187664873,-0.9253271222114563
-1.1225628059196031,-0.9145437479019165
-0.8880910893924246,-0.9986308813095093
-0.9653283075543947,-0.8761329650878906
-0.9636818776882963,-0.8424941301345825
-0.9415978515588782,-0.7074597477912903
-0.8811923108586053,-0.9564850330352783
-0.8792922304635649,-0.8794991970062256
-0.8727185673179625,-0.859642505645752
-0.8678004668217743,-0.8817915320396423
-0.8901773852787814,-0.8780518174171448
-0.8515703167801391,-0.8768361806869507
-0.8504345502578812,-0.8374499082565308
-0.8225955431157038,-0.7971600294113159
-0.7785328862410138,-0.7672434449195862
-0.7939033193926505,-0.8948124647140503
-0.7883078325301862,-0.9747575521469116
-0.7788034828158573,-0.8520227074623108
-0.6824035554655271,-0.9262011051177979
-0.6687098207937818,-1.038457989692688
-0.6799699265560132,-0.9514297246932983
-0.6015718530389911,-0.9881020784378052
-0.7145150615907402,-1.007909893989563
-0.7395561447991901,-1.0689257383346558
-0.7118170478125462,-1.0332417488098145
-0.7199075604813766,-1.1201374530792236
-0.7847411120975434,-1.060600757598877
-0.784741511354203,-1.0527256727218628
-0.7917917105612742,-0.998738169670105
-0.8362701300673582,-0.7807890176773071
-0.8221944549862134,-0.8318897485733032
-0.8333771625912699,-0.8830476403236389
-0.8191244197729748,-0.8042818307876587
-0.8112309761415843,-0.8308780193328857
-0.8453114563222353,-0.880262553691864
-0.8526070783401863,-0.9207056760787964
-0.8776249852085198,-0.8448727130889893
-0.7372369778234061,-0.8014803528785706
-0.7843026873833514,-0.8997392058372498
-0.752747051417269,-0.8437833786010742
-0.764693701368267,-0.9634493589401245
-0.7955060627932812,-1.0025267601013184
-0.7949353864047627,-1.1552534103393555
-0.7150972348168005,-0.8497326374053955
-0.7210754972499409,-0.8620971441268921
-0.7271416513663764,-0.9331639409065247
-0.726374921781127,-1.0142107009887695
-0.7277106112168428,-1.0338984727859497
-0.7117070166457727,-0.9439427852630615
-0.7194083715920915,-0.9403064250946045
-0.692747219306407,-0.9096999168395996
-0.6930093940739965,-0.9169023036956787
-0.6990342193727135,-0.8272527456283569
-0.054963654376023734,-0.6358951330184937
-0.05593185637018434,-0.714290201663971
-0.05317343214777722,-0.9061636924743652
-0.05206354649962395,-0.9079856872558594
-0.09180569083594126,-0.7926095724105835
-0.10340854157139519,-0.8065651059150696
-0.09744723190874016,-0.906475305557251
-0.09870474509065275,-0.8094595670700073
-0.0889311121815596,-0.8573466539382935
-0.08758075141317023,-0.7956850528717041
-0.133923027569918,-0.9130501747131348
-0.13256980049473663,-0.7603719234466553
-0.12757575616876812,-0.8151576519012451
-0.12600345972054472,-0.8394162654876709
-0.12075765032002848,-0.8422905802726746
-0.14560493693626758,-0.8968846797943115
-0.13621958703977835,-0.9362215995788574
-0.1688431481571937,-0.9257320165634155
-0.16651167494069813,-0.8899856209754944
-0.16838300321683408,-0.9579600691795349
-0.8658955557937559,-0.9101094603538513
-0.8672304653439137,-0.9744673371315002
-0.8336137878586157,-1.0103338956832886
-0.8289567200431383,-1.0282888412475586
-0.8062708348501468,-0.9063099026679993
-0.8056771720663899,-0.9605147838592529
-0.8500104280849458,-1.021386981010437
-0.8504457932665311,-1.0741106271743774
-0.909115907907842,-1.0224761962890625
-0.9276086934618321,-1.1223796606063843
-0.9827321110921591,-1.0964651107788086
-0.9754189229165722,-1.0103994607925415
-1.0316079990832312,-0.9615256786346436
-1.0450930762060995,-1.0620520114898682
-0.9533247642713437,-1.0586440563201904
-0.9599443177205228,-1.0511759519577026
-0.9611821624926343,-1.0249130725860596
-0.943531333211018,-0.9898517727851868
-0.9499106251794487,-1.1283233165740967
-0.9166636809353709,-1.0586010217666626
-0.882223103318803,-1.103515863418579
-0.7454419590503578,-0.9491918683052063
-0.796763053699058,-0.9502823352813721
-0.7816482037284803,-0.9776240587234497
-0.7960089653106518,-0.9724781513214111
-0.7847172393204398,-1.117741584777832
-0.7980426270320734,-1.1701035499572754
-0.8016570994231111,-1.0304304361343384
-0.8421158965657427,-1.080461025238037
-0.8423664457351888,-1.2914962768554688
-0.8459296729657854,-0.9715789556503296
-0.847058836881174,-1.0796905755996704
-0.5506163661683479,-1.0659904479980469
-0.5174794763263145,-1.0289828777313232
-0.5152067342466486,-0.9193829298019409
-0.5084455031858476,-0.9256582260131836
-0.5447809531200104,-1.0518825054168701
-0.5584001382019167,-0.9093197584152222
-0.5634521711866481,-0.9741197824478149
-0.5610339435291911,-1.0493438243865967
-0.5707055479774393,-0.7123377919197083
-0.615991326109665,-0.6229183673858643
-0.6266488186833493,-0.6421809792518616
-0.628052464615648,-0.8368548154830933
-0.6225952542438469,-0.6187149882316589
-0.6414940393945898,-0.7001999616622925
-0.6181324184746254,-0.6113806366920471
-0.5899953525795139,-0.6081488132476807
-0.590233308963016,-0.6274533271789551
-0.590233308963016,-0.6564836502075195
-0.5866463657473227,-0.6937634944915771
-0.5884864356264832,-0.6783159375190735
-0.7928097469236687,-0.5160958170890808
-0.8382308490750598,-0.7180085182189941
-0.9538589408145528,-0.4879567325115204
-0.8612423201668375,-0.6721389889717102
-0.8653620217516989,-0.44311583042144775
-0.8048364261277489,-0.41007858514785767
-0.8122731458838812,-0.4303041994571686
-0.8852230792236916,-0.4185316562652588
-0.8808119169467606,-0.8075106739997864
-0.9324185322792159,-0.7908556461334229
-0.8953141357925892,-0.8668367862701416
-0.9047791541920569,-0.8108885884284973
-0.9300338085422569,-0.8789917230606079
-0.912554468162437,-0.945481538772583
-0.9584762326985419,-0.8202760815620422
-0.9957660563796664,-0.8773313760757446
-0.9960240674153071,-0.966523289680481
-0.9765742013882801,-0.968401312828064
-0.9419941002860953,-0.8897478580474854
-0.936610377406414,-0.8668673634529114
-1.0253259673175081,-0.9196242094039917
-1.0413538672312732,-0.8804522752761841
-1.024107898015367,-0.8915815353393555
-1.084153479203798,-0.8740960359573364
-1.0847064910777702,-0.913471519947052
-1.2156638085623963,-0.8674612045288086
-1.2156638085623963,-0.8472244739532471
-1.231905880791293,-0.9648959040641785
-1.2524161074600355,-1.0585718154907227
-1.2318208065421998,-1.1968368291854858
-1.2626802588859762,-1.1007840633392334
-1.281977983117279,-1.0526598691940308
-1.2440098950191965,-0.9595525860786438
-1.2355076710024127,-0.7513858079910278
-1.2375762910593406,-0.924882173538208
-1.1703334411782085,-0.9737495183944702
-1.1028009834376309,-0.9265555143356323
-0.9411336735698588,-0.9415449500083923
-0.9890199982991056,-0.8745261430740356
-0.9906215742748639,-0.9216551780700684
-1.0272495982739631,-0.6364477276802063
-1.0325864383975274,-0.5863355994224548
-0.8901965604948089,-0.529089093208313
-0.9373351574820604,-0.7669382095336914
-0.9311282117581002,-0.799447774887085
-0.857983606256894,-0.7437914609909058
-0.23210928870831046,-0.866590142250061
-0.2372866901497905,-0.8795197010040283
-0.23244721833381476,-0.8141591548919678
-0.22659261539614192,-0.8608992695808411
-0.2082659595032007,-0.7874789834022522
-0.20852123168636105,-0.9958204030990601
-0.21024096240708426,-0.9208414554595947
-0.20720711049757606,-0.9342448711395264
-0.20562024414735958,-0.8876280784606934
-0.22185511076544476,-0.9676485061645508
-0.22066082295413922,-0.947733461856842
-0.2604713867994689,-0.7708763480186462
-0.2591917580263953,-0.9367897510528564
-0.25638708437764973,-0.8676211833953857
-0.25689000572516574,-0.8635732531547546
-0.2619850441219462,-0.8547488451004028
-0.2839955791763297,-0.901814341545105
-0.29186135738327695,-0.9958305954933167
-0.29120829757369804,-0.7688512206077576
-0.31839426944203586,-0.9473737478256226
-1.3629263397576743,-0.8207199573516846
-1.1491850477870573,-0.8590211868286133
-1.16212924438987,-0.8871144652366638
-1.0030698027594203,-0.8187078237533569
-1.0616706313355468,-0.8806303143501282
-1.0604921515570904,-0.8190218210220337
-1.0565029096073226,-0.6591072082519531
-1.1031972974272957,-0.8161836862564087
-1.1013920649166464,-0.9085084199905396
-1.0912375923921358,-0.889843225479126
-0.7556212540134024,-0.8585600852966309
-0.75603809030209,-0.8732304573059082
-0.7181803728693265,-0.9212464094161987
-0.684202205223646,-0.9202530384063721
-0.6875715602698392,-0.9139387607574463
-0.687571560269839,-0.8254642486572266
-0.6827814549136632,-0.832423210144043
-0.6808964052879255,-0.7958270311355591
-0.6325979692989399,-0.8636813163757324
-0.6325317239815872,-0.9231382012367249
-0.6276612425422934,-0.8488055467605591
-0.7058233279871347,-0.9014663696289062
-0.6907373871015651,-0.8349260091781616
-0.7442453743977434,-0.9273572564125061
-0.7489716111894459,-0.965193510055542
-0.7459214491655436,-0.8921705484390259
-0.7432569838051365,-0.9102668762207031
-0.7424003828475335,-0.8446002006530762
-0.7537723787501017,-0.9408200979232788
-0.7564761869387734,-0.9474844336509705
-1.1201068761412887,-0.8859152793884277
-1.1251236479120188,-0.9377560615539551
-0.9369582628185793,-0.9361811876296997
-0.938795376546201,-0.9043552875518799
-0.9459595179902578,-0.9310687780380249
-0.9568600778074304,-1.0520801544189453
-0.9563740024046112,-0.9093251824378967
-0.6170707196005947,-1.0340094566345215
-0.6618279183420029,-1.0067319869995117
-0.6134221423174057,-0.9790148735046387
-0.6084424827890693,-0.7477037906646729
-0.5824147328497256,-0.8465001583099365
-0.5961591034729123,-0.8422976136207581
-0.600798907511324,-0.8104841113090515
-0.5848655123929263,-0.7579056024551392
-0.5915519844362919,-1.0387030839920044
-0.5922232546698232,-1.047055959701538
-0.5585057372273483,-1.0523200035095215
-0.5500807627304056,-1.1450011730194092
-0.5417566604130706,-1.040666937828064
-0.5507775547785189,-0.8268241286277771
-0.5503346553853798,-0.6932346820831299
-0.5980687988200419,-0.6575762033462524
-0.6217032662427158,-0.6589820981025696
-0.6136055472305396,-0.6639612913131714
-0.599486846893908,-0.6875272989273071
-0.5951834863410761,-0.655505359172821
-0.9132549474335098,-0.6437616348266602
-0.9228155827325946,-0.6390594840049744
-0.9995081859284826,-0.6285868287086487
-0.9700241581450568,-0.8195052146911621
-1.1095005904940114,-0.8218463659286499
-1.1483070705843221,-0.8032379150390625
-1.1709062245312223,-0.7737853527069092
-1.182392965183618,-0.7159255146980286
-1.1650319873069859,-0.7505015730857849
-1.083695074277713,-0.6671810150146484
-1.1323090866719137,-0.6946409940719604
-1.1249820167774083,-0.7697901725769043
-1.136862512585381,-0.6763690710067749
-1.1364586220987012,-0.7338161468505859
-1.1798196351215913,-0.7284098863601685
-1.1991663476508094,-0.7107322216033936
-1.2121780995198086,-0.8154317736625671
-1.2608549335420323,-0.7300547361373901
-1.2565075656068678,-0.7354403734207153
-1.2546771529216134,-0.7032828330993652
-1.2571375611714593,-0.698983907699585
-1.2196255073567264,-0.7489274740219116
-1.208712948762142,-0.7923502922058105
-1.291033382872307,-0.7053049206733704
-1.291033382872307,-0.7134079933166504
-1.2595165697742348,-0.6321479082107544
-1.2429502420289287,-0.7168853878974915
-1.2456905396719582,-0.6765795946121216
-1.2862541950848916,-0.6791983842849731
-1.3694250968038157,-0.7081359028816223
-1.3673898241823927,-0.7446633577346802
-1.430615754125361,-0.7409411668777466
-1.425562017620594,-0.6621765494346619
-1.4259751586957798,-0.6741847395896912
-1.4225416694635595,-0.6665211915969849
-1.460716955304348,-0.746411919593811
-1.1777325933469376,-0.6906372904777527
-1.1649789804035766,-0.7106519341468811
-1.1835750856556255,-0.7431870102882385
-1.187796341223163,-0.6677005887031555
-1.20900297089257,-0.7435797452926636
-1.2675953581669173,-0.5303083062171936
-1.2704860900854424,-0.6233429312705994
-1.2474980154091804,-0.634637713432312
-1.2474980154091804,-0.6174412965774536
-1.260298821576482,-0.6448866128921509
-0.9824956159841639,-0.6714197993278503
-0.9853875611582363,-0.6312100887298584
-0.855550385393183,-0.7117494344711304
-0.8492293387111489,-0.6829404234886169
-0.848468262833057,-0.8764148950576782
-0.8546546858195472,-0.8370198011398315
-0.8419506543645898,-0.7590904235839844
-0.3925182854936343,-0.6223554015159607
-0.3822981653827095,-0.6359408497810364
-0.3828382872269363,-0.6230278611183167
-0.40946054311347374,-0.6409755349159241
-0.36827273573824515,-0.8112370371818542
-0.3694767260931535,-0.8042252063751221
-0.30104355302444497,-0.75327068567276
-0.2978671381013916,-0.8711450099945068
-0.28782454416503883,-0.8936830759048462
-0.28469714458101336,-0.8588027954101562
-0.2909397361235945,-0.7833633422851562
-0.29083242449943025,-0.6592848300933838
-0.3070000353331089,-0.692531406879425
-0.38739924618557714,-0.7033726572990417
-0.39485102123527627,-0.739924430847168
-0.32844301642799484,-0.6817865371704102
-0.3276292042394791,-0.8101598024368286
-0.32998110230577815,-0.6314470171928406
0.17248283878134058,-0.565547525882721
0.17187462582047514,-0.5510181784629822
0.1885674010302119,-0.5907921195030212
0.24362767588503728,-0.6963353157043457
0.3051588460287307,-0.6565008759498596
0.31386066324946954,-0.8302729725837708
0.3125854005338557,-0.7640482187271118
0.31072348184843307,-0.772670567035675
0.28251216158066694,-0.7410801649093628
0.2831950526671607,-0.6005197167396545
0.2753961535600095,-0.6053674817085266
0.2774406396139714,-0.5687160491943359
0.2820128539962268,-0.5970091223716736
0.2884497332429307,-0.76697838306427
0.2978077451816481,-0.6757630109786987
0.29273682740325757,-0.5348750948905945
0.29946941393959187,-0.5944344401359558
0.27516571588712657,-0.5070111155509949
0.2750701213954259,-0.5499069690704346
0.27491693063884187,-0.5692872405052185
-0.22601364606122548,-0.44938039779663086
-0.3853460195710286,-0.47776296734809875
-0.4608772770962748,-0.5315189957618713
-0.5670966649971706,-0.622188925743103
-0.7785197130107695,-0.6300765872001648
-0.9293455927740913,-0.6808362603187561
-0.9493107653568689,-0.6478779315948486
-0.9348774890621306,-0.6646146178245544
-0.9271344377832633,-0.5610361695289612
-0.9941895435167947,-0.602279007434845
-0.9652623269255352,-0.5661134719848633
-0.9787469774635276,-0.5560402274131775
-0.9077678874012246,-0.5292661190032959
-0.8470729932161124,-0.5772923231124878
-0.8860771987657995,-0.5373853445053101
-0.8965380793693201,-0.5908024907112122
-0.9237397774347993,-0.6381035447120667
-0.8792544697891734,-0.7349573969841003
-0.9007756110590238,-0.6486765146255493
-0.9018580066200106,-0.626496434211731
-0.8854451159864118,-0.6589653491973877
-0.8890245753282345,-0.6251055598258972
-0.9272825287367337,-0.7113928198814392
-0.9339019601666263,-0.6762019395828247
-1.056395121486965,-0.6397528052330017
-1.0738913356938604,-0.7048178911209106
-0.9911320491518567,-0.6508767008781433
-1.0297857530294527,-0.6224370002746582
-1.0466009532964968,-0.6482024192810059
-0.9499938026243674,-0.7351224422454834
-0.6269785577538592,-0.6060950756072998
-0.5461127125359355,-0.641857385635376
-0.5017727620547241,-0.638294517993927
-0.5157320067191857,-0.6656036376953125
-0.5090170228831532,-0.7027341723442078
-0.48644477905095035,-0.6700847744941711
-0.435560897173918,-0.6353455185890198
-0.4630006029660659,-0.7545340657234192
-0.34283610470503734,-0.8788361549377441
-0.334477715774401,-0.6930638551712036
-0.31911629881263565,-0.804394006729126
-0.2998381124072936,-0.6411743760108948
-0.28752762647628044,-0.6168463230133057
-0.2668877119682434,-0.8901292085647583
-0.2551286331874579,-0.9370852708816528
-0.2409191648220368,-0.6135925054550171
-0.24447781895031337,-0.38985148072242737
-0.2218773114571432,-0.443713903427124
-0.22246611401232225,-0.3273082375526428
-0.2535243699303859,-0.4821017384529114
-0.3378238031168209,-0.8670498728752136
-0.37284759889465136,-0.7669562697410583
-0.4498013854775549,-0.7735683917999268
-0.44917918356761805,-0.6826549172401428
-0.45687483641279303,-0.6151313781738281
-0.48914040466107755,-0.6655303835868835
-0.583119185995142,-0.5621979832649231
-0.5588474481234461,-0.6575223803520203
-0.6977064952845519,-0.6509036421775818
-0.7277877508449885,-0.6255239844322205
-0.839733679057641,-0.8991761207580566
-0.8699034579017395,-0.8724627494812012
-0.552377990260747,-0.7968588471412659
-0.5810190034264895,-0.8253346681594849
-0.6023673882811913,-0.8067993521690369
-0.6331239287362636,-0.8189384937286377
-0.692970127266028,-0.8947542905807495
-0.7452851272419061,-0.9429020881652832
-0.7313839487305547,-0.9924982786178589
-0.7602707977716063,-0.9813824892044067
-0.7797492531845015,-0.8427172899246216
-0.8250994453362391,-0.8245425820350647
-0.7816387317854981,-0.8313436508178711
-0.7796019963731314,-0.8177646398544312
-0.7971048671628808,-0.8803316950798035
-0.8225891869808971,-0.8209884166717529
-0.8173943734541687,-0.776195764541626
-0.8201907943937021,-0.7729381322860718
-0.791970592328523,-0.7514233589172363
-0.7809698877095512,-0.7825093269348145
-0.8074641102321553,-0.6038835644721985
-0.8019987516885038,-0.7018076777458191
-1.3251573010578712,-0.6947292685508728
-0.17969826940497696,-0.6678241491317749
-0.17480360043780402,-0.7126587629318237
0.045096859750903114,-0.7256765365600586
0.08534150870915627,-0.8148390054702759
0.08651526348006144,-0.6501661539077759
0.07663121273793484,-0.6876057386398315
0.07375063394414169,-0.6552205085754395
0.07834688688006476,-0.6305116415023804
0.07326369835525652,-0.7491241097450256
0.08407890339760306,-0.7720692157745361
0.08117095108700285,-0.8454360961914062
0.07778980527114365,-0.8272694945335388
0.07754767433779836,-0.7650243639945984
0.06587849689259384,-0.8606592416763306
0.05252799653429563,-0.7403210401535034
0.05556328339172244,-0.762883186340332
0.06268449772775146,-0.733271062374115
0.057759092158232786,-0.6591082811355591
0.07397414538836898,-0.7501752972602844
0.07548209723249658,-0.7792541980743408
-0.22096433493746118,-0.8431864976882935
-0.22096599607703987,-0.7957918643951416
-0.7076326586033606,-0.793183445930481
-0.9166053095526054,-0.8410426378250122
-0.9732980993157673,-0.9112918972969055
-0.9203444581907869,-0.803181529045105
-0.9161696451728809,-0.6578510403633118
-1.0996364146853617,-0.6239139437675476
-1.0857739732569804,-0.6799911260604858
-1.1338593433843949,-0.6516226530075073
-1.1618482501132945,-0.948941707611084
-1.0524186572961463,-0.9642131328582764
-1.054979918209882,-0.8937346935272217
-1.0349284169182569,-0.8491525650024414
-0.8894732285841455,-0.9046753644943237
-0.8916938872433013,-0.8982211351394653
-0.8509437757674796,-0.9001986980438232
-0.789077238687744,-0.8870987296104431
-0.8667188947234189,-0.8874688744544983
-0.7981999929441063,-0.9560925960540771
-0.8750678063158822,-1.0315189361572266
-0.8287338994650332,-0.9613917469978333
-0.809363681580816,-1.0071734189987183
-0.8131549213922835,-1.0268146991729736
-0.618874940601267,-1.0620665550231934
-0.5880551386747849,-1.0873017311096191
-0.4944823073346544,-1.0396544933319092
-0.5170055422854392,-1.061194896697998
-0.5141677739014499,-1.0242342948913574
-0.49665623793529756,-0.9863389730453491
-0.4840012647639331,-0.8047534823417664
-0.5016461358935013,-0.7875416874885559
-0.5010041708177005,-0.7880085110664368
-0.5096502698156887,-0.8125772476196289
-0.5456493613364021,-0.7880794405937195
-0.48606128753732736,-0.7924126386642456
-0.47517915538684397,-0.7021688222885132
-0.49299113634965475,-0.7216362953186035
-0.4919640770690994,-0.757256269454956
-0.5283889714856883,-0.8822730779647827
-0.5285480784187326,-0.7764101624488831
-0.5733129660915742,-0.6394791007041931
-0.5795686559229652,-0.6258499622344971
-0.5768799988111135,-0.5983374118804932
-0.6868142947105474,-0.594212532043457
-0.7263261504462899,-0.5688605308532715
-0.9472258014948268,-0.6003254055976868
-0.9704640157909177,-0.5954569578170776
-0.9239022880218698,-0.6164911389350891
-0.9190819112717885,-0.6142734289169312
-0.9152662920622988,-0.635639488697052
-0.8680783015251543,-0.7340659499168396
-0.844825639802149,-0.9044739007949829
-0.815581624481839,-0.8805254697799683
-0.8219101109200797,-0.954658031463623
-0.8745013226432914,-0.932334303855896
-0.9097385200016065,-0.9581620693206787
-0.9313322393888114,-1.0455588102340698
-0.93424321455775,-1.038169026374817
-0.9102495375303763,-0.8775069713592529
-0.9102385624524887,-1.2147222757339478
-0.9018673109543546,-1.2980291843414307
-0.8847327907754035,-0.9471577405929565
-0.8444055582613742,-0.8658425807952881
-0.8808601443227727,-0.82793128490448
-0.9270793316736006,-0.8594157695770264
-0.9557740115362388,-0.8092066049575806
-0.9668973859157424,-0.860480785369873
-0.988598655135921,-0.9499273300170898
-0.9442849073066992,-0.8462880849838257
-0.9506731356513027,-0.8233165740966797
-1.0081527811990145,-0.8436945080757141
-1.0258674049744125,-0.7648366093635559
-1.021182482864426,-0.8438454270362854
-0.976166241165532,-1.021235704421997
-1.1428177533591566,-0.818428099155426
-1.1002911421995456,-0.8547186851501465
-1.030559722244552,-0.9593808054924011
-0.9457617116506498,-0.8528649210929871
-0.9824180425792121,-0.9422904253005981
-0.9535482180839648,-1.154533863067627
-0.9237447163816136,-1.059824824333191
-0.9442713237234708,-0.8155062794685364
-0.9868686621894608,-0.7656884789466858
-1.0076935545604881,-0.8572198748588562
-1.0129015898301854,-0.8305768370628357
-1.0096180553589171,-0.8252872824668884
-1.0003257103943153,-0.6494742035865784
-0.9432946592627686,-0.5505197048187256
-0.9657810118296339,-0.6390599012374878
-0.9741626027349367,-0.6267752647399902
-0.9669579800715389,-0.5861048102378845
-0.9585848439320588,-0.6974940299987793
-0.9945524109361051,-0.7034321427345276
-1.0441211303040798,-0.7809198498725891
-1.0129998735191803,-0.7705667018890381
-1.0317447425644062,-0.7525285482406616
-1.08205771327662,-0.7722660899162292
-1.1922644254809491,-0.702781081199646
-1.1798576984175815,-0.6925204992294312
-1.2128679329611989,-0.7774121761322021
-1.2777287510631923,-0.7859578132629395
-1.2884019109324367,-0.7797073125839233
-1.3219901405352084,-0.7493425607681274
-1.25634889326897,-0.7923542857170105
-1.1678559151235564,-0.7631926536560059
-1.0631922359824404,-0.8761837482452393
-1.0665726156064799,-0.8350483179092407
-0.9384441638487918,-0.873887836933136
-0.8981355835821181,-0.9588828086853027
-0.9067937750850553,-0.9036381840705872
-0.8192822968467467,-0.891684889793396
-0.8342133354004597,-0.8278747200965881
-0.8233105211839704,-0.7871811985969543
-0.6692958434063792,-0.7385979890823364
-0.6937683296974333,-0.8646417856216431
-0.6821803878294992,-0.744133472442627
-0.6575453211924355,-0.6408689618110657
-0.6360436068844255,-0.6454229354858398
-0.6326401839162822,-0.6355366110801697
-0.6256311336377406,-0.7137067914009094
-0.6312322351280354,-0.7131169438362122
-0.6082071581190971,-0.5466694831848145
-0.5838232897702733,-0.6650943160057068
-0.5893836717187172,-0.5690931081771851
-0.5448302748291026,-0.6805241107940674
-0.573731749553611,-0.5259912610054016
-0.550883430831598,-0.5880028605461121
-0.5810237775020788,-0.8916176557540894
-0.5985201469089267,-0.46301621198654175
-0.5925146917604837,-0.47996383905410767
-0.6265864709641951,-0.5436432361602783
-0.6270665832353209,-0.6227077841758728
-0.6295455452508932,-0.6146448850631714
-0.7937752275526672,-0.876500129699707
-0.790171425663016,-0.6285175681114197
-0.7805385226703743,-0.8416409492492676
-0.8000149959684565,-0.776595950126648
-0.7555161735188435,-0.8575037121772766
-0.7496733659980233,-0.7877182960510254
-0.6933653637414421,-0.8325130343437195
-0.6308833873384552,-0.9458470344543457
-0.6490307389529035,-0.9478651285171509
-0.670935913472053,-0.8532190322875977
-0.5595740408379137,-0.8510696291923523
-0.4538171587026518,-0.7522805333137512
-0.34322247416866436,-0.9378921985626221
-0.2467439146062443,-0.8960387706756592
-0.2574339441790934,-0.9133434295654297
-0.2580300059775922,-0.8725113868713379
-0.2555305405193531,-0.7176641821861267
-0.19478326237490287,-0.939987301826477
-0.19787143021829814,-0.9614865779876709
-0.20143052199099257,-0.920995831489563
-0.2020336951015766,-1.0306129455566406
-0.2102784487589411,-0.9099446535110474
-0.2162422389601134,-0.9222076535224915
-0.21735978288728267,-0.9926897287368774
-0.2183427048984758,-0.8507404327392578
-0.21137307831864657,-0.8981841802597046
-0.2519921394132629,-0.8674434423446655
-0.2661512076238922,-0.7855942249298096
-0.24942200734274694,-0.7127185463905334
-0.24948312882335907,-0.7890394926071167
-0.3116947201113193,-0.8695248365402222
-0.4427839723552521,-0.8786916732788086
-0.6418558162688368,-0.9410873651504517
-0.7683965762732504,-0.8472736477851868
-0.6763710794364994,-0.7324880361557007
-0.6869681632907877,-0.654334306716919
-0.5357251851403718,-0.6072021722793579
-0.7223537200636317,-0.6483657360076904
-0.7251767041392132,-0.7708380222320557
-0.729165048860358,-0.6559486389160156
-0.3619786266164479,-0.6285293698310852
-0.30805863604891315,-0.7545775771141052
-0.3022620446714108,-0.5468927621841431
-0.2929003324043098,-0.6389527320861816
-0.30356768170125886,-0.6383681893348694
-0.3085518404413108,-0.7446917295455933
-0.30314099979466297,-0.7833057045936584
-0.2851881085700635,-0.728818416595459
-0.2897698587376589,-0.6734409928321838
-0.28952608580687794,-0.7464323043823242
-0.2792176511924336,-0.759758472442627
-0.24502842912633482,-0.6438445448875427
-0.21414270701272303,-0.6110249757766724
-0.20195420320911872,-0.6553236246109009
-0.2457377843359868,-0.7649786472320557
-0.24687204923885128,-0.6794392466545105
-0.34493858666091837,-0.6578801870346069
-0.34505026383656734,-0.7413285970687866
-0.3526894968971271,-0.7795146703720093
-0.37437827217786557,-0.6979256868362427
-0.6513874837879502,-0.634503185749054
-0.7104905970505903,-0.8183476328849792
-0.7076677986471662,-0.7691543698310852
-0.6897288223163808,-0.7477487325668335
-0.6881745432883509,-0.7854877710342407
-0.6245830664642622,-0.8359737396240234
-0.6350722687964541,-0.9390203952789307
-0.6441612812423748,-0.8143007755279541
-0.6581215934820746,-0.9278607368469238
-0.6570304761774719,-0.8686443567276001
-0.682579358927747,-0.9176015853881836
-0.7428918100147971,-0.8082504868507385
-0.8582771888707936,-0.795867383480072
-0.9148598764662573,-0.6278606057167053
-0.91757610606951,-0.6529707312583923
-0.6803160630783237,-0.6565163135528564
-0.5680928899472558,-0.5595994591712952
-0.5061500884240262,-0.43150171637535095
-0.4534074698449813,-0.5781248211860657
-0.4467975843508621,-0.5392019748687744
-0.4253760447939853,-0.745213508605957
-0.4102842392121668,-0.7510557770729065
-0.43016941889193877,-0.8371433019638062
-0.4583882220025278,-0.8229588866233826
-0.4143079951910879,-0.7953011393547058
-0.435358961167374,-0.6924771070480347
-0.41745858473988817,-0.8190808296203613
-0.4258387467915213,-0.7975488901138306
-0.42512920752288896,-0.7968497276306152
-0.38515684829535196,-0.8156008720397949
-0.38700696631077297,-0.8228208422660828
-0.3113782924361007,-0.8276743292808533
-0.29099542225657166,-0.817607045173645
-0.2959172939481994,-0.8679133057594299
-0.2831071380340233,-0.9091676473617554
-0.4244962700395728,-0.8101130723953247
-0.46190799980956265,-0.8774651288986206
-0.495298839745622,-0.8901607394218445
-0.6063242002098601,-0.870855450630188
-0.6124330962716709,-0.7729653716087341
-0.5673521664833919,-0.7175732254981995
-0.5776519072923955,-0.7030923366546631
-0.5791308311000118,-0.6779966950416565
-0.5855972301613032,-0.6611608266830444
-0.611898518264675,-0.6620582342147827
-0.6818572723151294,-0.6967197060585022
-0.36813062160666193,-0.7164514064788818
-0.3817731359180499,-0.7222766876220703
-0.3762006889631321,-0.7775207757949829
-0.39831139837891805,-0.8165687918663025
-0.3638372881079417,-0.6954385638237
-0.4534106904829661,-0.7364823818206787
-0.48566446931199175,-0.7392126321792603
-0.4761576951716397,-0.7938937544822693
-0.503119475046591,-0.8648301959037781
-0.4966749231375562,-0.6551816463470459
-0.5025137129979235,-0.7071248292922974
-0.5096542608880679,-0.6799763441085815
-0.4790152263542833,-0.7258399128913879
-0.5128793532721762,-0.7304695248603821
-0.4777374508292095,-0.7941473126411438
-0.5865323301238698,-0.8010251522064209
-0.5402077666861873,-0.8442869186401367
-0.5562102586202542,-0.8777974843978882
-0.5298724710147826,-0.8661160469055176
-0.5017608960593972,-0.9002821445465088
-0.7342934738708542,-0.8606977462768555
-0.7223486029271933,-0.8412010669708252
-0.6979278424547337,-1.1255764961242676
-0.6853448902580551,-1.115656852722168
-0.6924826819428499,-0.9565881490707397
-0.6621950195792043,-0.9692740440368652
-0.6692721929884233,-0.9812816381454468
-0.678939809028348,-0.8352657556533813
-0.6773745494923953,-0.8796849250793457
-0.6233059553628099,-0.9781912565231323
-0.6185233851388461,-0.9703975915908813
-0.5918519044996483,-0.9991085529327393
-0.6202925970121389,-0.8437723517417908
-0.6414128149410705,-1.0936524868011475
-0.7088656176010038,-0.8458123803138733
-0.7038650918032267,-0.695812463760376
-0.7555929834059701,-0.4610517919063568
-0.7097063029060516,-0.6218162178993225
-0.7493335842220183,-0.6131241321563721
-0.7568914145676774,-0.7064633369445801
-0.7808334214611236,-0.6782546043395996
-0.7309631222417328,-0.651138186454773
-0.7184729065299842,-0.7773088812828064
-0.6836998803525016,-0.7224718332290649
-0.6395336505948065,-0.7335258722305298
-0.6138025564843042,-0.7627626061439514
-0.5514408407356094,-0.7265737056732178
-0.5447650039489716,-0.7781445980072021
-0.5447798383066199,-0.7390152812004089
-0.6064749512732298,-0.9230941534042358
-0.546203551946159,-0.8325771689414978
-0.5543865161922282,-0.8989599943161011
-0.558834928508651,-0.8829838037490845
-0.5720058736609069,-0.8179095387458801
-0.5644115361999557,-0.8336488008499146
-0.5748701356718746,-0.81858891248703
-0.5617053688653213,-0.8248556852340698
-0.6170643953478333,-0.8237407803535461
-0.6222835057207858,-0.8450649976730347
-0.6282926207627824,-0.8812634944915771
-0.5879664628369348,-0.7948577404022217
-0.6105622926112723,-0.8217482566833496
-0.6524773366853475,-0.8116118311882019
